Date,Category,Likes
2023-01-01,Food,2452
2023-01-02,Food,9653
2023-01-03,Travel,4744
2023-01-04,Fashion,5227
2023-01-05,Fashion,8438
2023-01-06,Culture,8784
2023-01-07,Music,1315
2023-01-08,Culture,6457
2023-01-09,Travel,5204
2023-01-10,Travel,1371
2023-01-11,Fashion,3815
2023-01-12,Family,4166
2023-01-13,Music,9619
2023-01-14,Food,4632
2023-01-15,Music,7800
2023-01-16,Health,5422
2023-01-17,Fashion,6971
2023-01-18,Health,8473
2023-01-19,Food,2217
2023-01-20,Fitness,2862
2023-01-21,Travel,466
2023-01-22,Health,1460
2023-01-23,Health,7055
2023-01-24,Health,3438
2023-01-25,Family,265
2023-01-26,Health,5937
2023-01-27,Travel,4849
2023-01-28,Travel,5213
2023-01-29,Food,2925
2023-01-30,Fitness,3621
2023-01-31,Fashion,3629
2023-02-01,Travel,3511
2023-02-02,Travel,6278
2023-02-03,Health,4005
2023-02-04,Health,4894
2023-02-05,Family,5099
2023-02-06,Fashion,4027
2023-02-07,Family,4659
2023-02-08,Fashion,7961
2023-02-09,Music,7331
2023-02-10,Health,9393
2023-02-11,Family,9868
2023-02-12,Health,313
2023-02-13,Music,4782
2023-02-14,Culture,6110
2023-02-15,Culture,787
2023-02-16,Culture,5503
2023-02-17,Fitness,8947
2023-02-18,Family,7223
2023-02-19,Family,2389
2023-02-20,Food,2859
2023-02-21,Health,2941
2023-02-22,Fitness,7847
2023-02-23,Fashion,2558
2023-02-24,Family,8028
2023-02-25,Travel,8580
2023-02-26,Food,2171
2023-02-27,Culture,9869
2023-02-28,Music,4858
2023-03-01,Family,4635
2023-03-02,Food,2717
2023-03-03,Travel,7726
2023-03-04,Fashion,7207
2023-03-05,Family,3831
2023-03-06,Fitness,466
2023-03-07,Music,278
2023-03-08,Fitness,7593
2023-03-09,Culture,3690
2023-03-10,Fashion,7288
2023-03-11,Fashion,9304
2023-03-12,Travel,2220
2023-03-13,Fashion,9814
2023-03-14,Health,2120
2023-03-15,Fitness,3295
2023-03-16,Health,9614
2023-03-17,Music,4883
2023-03-18,Culture,4761
2023-03-19,Health,1331
2023-03-20,Food,6721
2023-03-21,Health,266
2023-03-22,Fitness,9419
2023-03-23,Fashion,5728
2023-03-24,Music,6563
2023-03-25,Family,1144
2023-03-26,Music,4398
2023-03-27,Music,7435
2023-03-28,Fashion,9053
2023-03-29,Fashion,341
2023-03-30,Family,3365
2023-03-31,Fitness,4286
2023-04-01,Travel,4
2023-04-02,Food,9211
2023-04-03,Music,186
2023-04-04,Culture,9516
2023-04-05,Food,3601
2023-04-06,Fitness,3956
2023-04-07,Family,4772
2023-04-08,Culture,1355
2023-04-09,Fitness,8532
2023-04-10,Fashion,1815
2023-04-11,Fashion,9717
2023-04-12,Health,7228
2023-04-13,Fashion,6310
2023-04-14,Food,6150
2023-04-15,Fitness,1199
2023-04-16,Fitness,8152
2023-04-17,Family,6739
2023-04-18,Travel,6566
2023-04-19,Music,7217
2023-04-20,Fashion,6974
2023-04-21,Family,6599
2023-04-22,Family,1466
2023-04-23,Fashion,8485
2023-04-24,Health,582
2023-04-25,Music,4380
2023-04-26,Health,4061
2023-04-27,Health,9157
2023-04-28,Health,1607
2023-04-29,Music,5761
2023-04-30,Family,5788
2023-05-01,Food,9097
2023-05-02,Food,8259
2023-05-03,Food,8669
2023-05-04,Travel,2788
2023-05-05,Fashion,1826
2023-05-06,Fitness,3910
2023-05-07,Health,4365
2023-05-08,Travel,6097
2023-05-09,Culture,2042
2023-05-10,Family,6737
2023-05-11,Travel,298
2023-05-12,Family,1219
2023-05-13,Family,906
2023-05-14,Family,4348
2023-05-15,Music,1806
2023-05-16,Family,3980
2023-05-17,Health,5510
2023-05-18,Food,4011
2023-05-19,Travel,4709
2023-05-20,Culture,9493
2023-05-21,Fashion,5844
2023-05-22,Travel,6956
2023-05-23,Health,9675
2023-05-24,Music,7877
2023-05-25,Travel,563
2023-05-26,Family,7622
2023-05-27,Travel,8200
2023-05-28,Fashion,5197
2023-05-29,Food,8850
2023-05-30,Fashion,8581
2023-05-31,Fitness,2143
2023-06-01,Fitness,8238
2023-06-02,Health,7270
2023-06-03,Music,2454
2023-06-04,Food,236
2023-06-05,Fashion,4279
2023-06-06,Food,9572
2023-06-07,Fashion,7160
2023-06-08,Fitness,6492
2023-06-09,Fitness,5608
2023-06-10,Culture,3724
2023-06-11,Travel,7673
2023-06-12,Travel,2745
2023-06-13,Health,1951
2023-06-14,Music,7240
2023-06-15,Music,4956
2023-06-16,Family,9165
2023-06-17,Music,5934
2023-06-18,Health,8414
2023-06-19,Family,6795
2023-06-20,Culture,6935
2023-06-21,Food,7938
2023-06-22,Music,8885
2023-06-23,Family,6509
2023-06-24,Family,726
2023-06-25,Health,7235
2023-06-26,Fitness,4746
2023-06-27,Fashion,9354
2023-06-28,Health,57
2023-06-29,Health,4677
2023-06-30,Fitness,8590
2023-07-01,Travel,2846
2023-07-02,Family,7382
2023-07-03,Fitness,7926
2023-07-04,Health,9438
2023-07-05,Family,6044
2023-07-06,Music,7205
2023-07-07,Fashion,8128
2023-07-08,Culture,3803
2023-07-09,Food,7856
2023-07-10,Travel,9275
2023-07-11,Fashion,6798
2023-07-12,Music,4328
2023-07-13,Food,4301
2023-07-14,Fashion,2012
2023-07-15,Health,3002
2023-07-16,Health,8883
2023-07-17,Family,9475
2023-07-18,Fitness,9731
2023-07-19,Fitness,1472
2023-07-20,Family,9241
2023-07-21,Food,8065
2023-07-22,Travel,9821
2023-07-23,Health,2820
2023-07-24,Music,8671
2023-07-25,Health,3558
2023-07-26,Food,9375
2023-07-27,Health,8173
2023-07-28,Fitness,3762
2023-07-29,Health,5903
2023-07-30,Health,5779
2023-07-31,Music,7466
2023-08-01,Travel,1406
2023-08-02,Music,4914
2023-08-03,Fitness,3624
2023-08-04,Fashion,7838
2023-08-05,Fashion,7684
2023-08-06,Family,4504
2023-08-07,Fashion,7624
2023-08-08,Health,1651
2023-08-09,Travel,4324
2023-08-10,Family,4751
2023-08-11,Travel,8550
2023-08-12,Family,3748
2023-08-13,Health,5743
2023-08-14,Fitness,6069
2023-08-15,Fitness,6368
2023-08-16,Food,3262
2023-08-17,Health,3074
2023-08-18,Travel,3112
2023-08-19,Travel,444
2023-08-20,Fashion,2955
2023-08-21,Health,4332
2023-08-22,Fashion,467
2023-08-23,Fashion,9736
2023-08-24,Food,2837
2023-08-25,Fitness,3580
2023-08-26,Fashion,6061
2023-08-27,Culture,5430
2023-08-28,Health,6514
2023-08-29,Music,6006
2023-08-30,Culture,4873
2023-08-31,Fitness,7428
2023-09-01,Family,276
2023-09-02,Fashion,2656
2023-09-03,Health,7348
2023-09-04,Music,304
2023-09-05,Music,6286
2023-09-06,Music,1749
2023-09-07,Food,4150
2023-09-08,Travel,8518
2023-09-09,Health,2769
2023-09-10,Health,4082
2023-09-11,Food,1301
2023-09-12,Family,2772
2023-09-13,Food,1638
2023-09-14,Health,7098
2023-09-15,Family,3866
2023-09-16,Fitness,980
2023-09-17,Fitness,3750
2023-09-18,Fashion,2679
2023-09-19,Fitness,133
2023-09-20,Fashion,9205
2023-09-21,Fitness,8927
2023-09-22,Fashion,2764
2023-09-23,Fashion,3032
2023-09-24,Travel,4137
2023-09-25,Music,7819
2023-09-26,Fashion,9126
2023-09-27,Food,2939
2023-09-28,Fashion,6997
2023-09-29,Health,9785
2023-09-30,Culture,5559
2023-10-01,Family,4761
2023-10-02,Fitness,349
2023-10-03,Fashion,4615
2023-10-04,Health,6987
2023-10-05,Fitness,2794
2023-10-06,Music,971
2023-10-07,Culture,3721
2023-10-08,Travel,9047
2023-10-09,Travel,8177
2023-10-10,Culture,7285
2023-10-11,Fitness,9932
2023-10-12,Fashion,7074
2023-10-13,Culture,9058
2023-10-14,Family,2215
2023-10-15,Family,8258
2023-10-16,Travel,4643
2023-10-17,Health,6578
2023-10-18,Food,1120
2023-10-19,Travel,7757
2023-10-20,Health,3448
2023-10-21,Culture,5259
2023-10-22,Travel,3419
2023-10-23,Food,148
2023-10-24,Food,2314
2023-10-25,Health,5742
2023-10-26,Health,9942
2023-10-27,Food,8388
2023-10-28,Music,3348
2023-10-29,Culture,8042
2023-10-30,Food,5547
2023-10-31,Music,8467
2023-11-01,Travel,7584
2023-11-02,Fashion,353
2023-11-03,Fashion,7784
2023-11-04,Music,8247
2023-11-05,Music,4272
2023-11-06,Fashion,3405
2023-11-07,Family,1305
2023-11-08,Fitness,4034
2023-11-09,Family,6661
2023-11-10,Travel,998
2023-11-11,Travel,9801
2023-11-12,Health,4985
2023-11-13,Music,4088
2023-11-14,Fashion,850
2023-11-15,Fashion,102
2023-11-16,Health,5673
2023-11-17,Culture,987
2023-11-18,Health,487
2023-11-19,Family,21
2023-11-20,Health,6305
2023-11-21,Music,8033
2023-11-22,Family,6925
2023-11-23,Fashion,9986
2023-11-24,Fashion,2825
2023-11-25,Health,234
2023-11-26,Food,7835
2023-11-27,Culture,1827
2023-11-28,Food,7859
2023-11-29,Family,8366
2023-11-30,Travel,3341
2023-12-01,Health,2203
2023-12-02,Culture,7095
2023-12-03,Travel,8915
2023-12-04,Fitness,1641
2023-12-05,Family,5302
2023-12-06,Travel,398
2023-12-07,Culture,159
2023-12-08,Travel,18
2023-12-09,Food,4047
2023-12-10,Culture,6117
2023-12-11,Music,296
2023-12-12,Fitness,3121
2023-12-13,Health,6994
2023-12-14,Travel,7263
2023-12-15,Music,2538
2023-12-16,Family,2653
2023-12-17,Fitness,4465
2023-12-18,Travel,6178
2023-12-19,Food,8003
2023-12-20,Music,3050
2023-12-21,Fitness,8552
2023-12-22,Travel,8250
2023-12-23,Food,1790
2023-12-24,Travel,9989
2023-12-25,Health,4488
2023-12-26,Fashion,3929
2023-12-27,Travel,3950
2023-12-28,Fashion,5727
2023-12-29,Culture,4135
2023-12-30,Health,3788
2023-12-31,Culture,8514
